{
    "mean_absolute_error": 12.464603643449566,
    "r2_score": 0.8772507414410409
}